City [Id=1, code=2, name=3]
City [Id=x, code=y, name=z]
City [Id=1, code=2, name=3]
City [Id=x, code=y, name=z]
City [Id=1, code=2, name=3]
City [Id=x, code=y, name=z]
City [Id=1, code=2, name=3]
City [Id=x, code=y, name=z]
City [Id=1, code=2, name=3]
City [Id=x, code=y, name=z]
City [Id=1, code=2, name=3]
City [Id=x, code=y, name=z]
City [Id=1, code=2, name=3]
City [Id=x, code=y, name=z]
City [Id=1, code=2, name=3]
City [Id=x, code=y, name=z]
City [Id=1, code=2, name=3]
City [Id=x, code=y, name=z]
City [Id=1, code=2, name=3]
City [Id=x, code=y, name=z]
City [Id=1, code=2, name=3]
City [Id=x, code=y, name=z]
City [Id=1, code=2, name=3]
City [Id=x, code=y, name=z]
City [Id=1, code=2, name=3]
City [Id=x, code=y, name=z]
